[
  {
    "title": "Chaplet of Divine Mercy",
    "stream_id": "3yKVPf7L6mMzHD1dr-thOA1751892595694399"
  },
  {
    "title": "Litany to St. Joseph",
    "stream_id": "st-joseph-stream-002"
  },
  {
    "title": "Litany of the Most Sacred Heart of Jesus",
    "stream_id": "sacred-heart-stream-003"
  },
  {
    "title": "Litany of All the Saints",
    "stream_id": "all-saints-stream-004"
  },
  {
    "title": "Litany of Loreto (Litany to the Blessed Virgin Mary)",
    "stream_id": "loreto-stream-005"
  },
  {
    "title": "Apostles' Creed",
    "stream_id": "apostles-creed-stream-006"
  },
  {
    "title": "Angelus",
    "stream_id": "angelus-stream-007"
  },
  {
    "title": "Under Your Protection (Sub Tuum Praesidium)",
    "stream_id": "sub-tuum-stream-008"
  },
  {
    "title": "Litany of Saint Michael the Archangel",
    "stream_id": "st-michael-stream-009"
  }
]